329.000000,0.000000,151267.000000,0.000000,22881705289.000000
452.000000,0.000000,52735.000000,0.000000,2780980225.000000
490.000000,0.000000,31467.000000,0.000000,990172089.000000
273.000000,0.000000,21119.000000,0.000000,446012161.000000
340.000000,0.000000,22141.000000,0.000000,490223881.000000
405.000000,0.000000,12813.000000,0.000000,164172969.000000
381.000000,0.000000,29265.000000,0.000000,856440225.000000
365.000000,0.000000,17041.000000,0.000000,290395681.000000
478.000000,0.000000,1317.000000,0.000000,1734489.000000
336.000000,0.000000,-9091.000000,0.000000,82646281.000000
419.000000,0.000000,20745.000000,0.000000,430355025.000000
399.000000,0.000000,7625.000000,0.000000,58140625.000000
423.000000,0.000000,12299.000000,0.000000,151265401.000000
416.000000,0.000000,15.000000,0.000000,225.000000
418.000000,0.000000,19923.000000,0.000000,396925929.000000
495.000000,0.000000,10519.000000,0.000000,110649361.000000
332.000000,0.000000,4583.000000,0.000000,21003889.000000
433.000000,0.000000,-3665.000000,0.000000,13432225.000000
367.000000,0.000000,15231.000000,0.000000,231983361.000000
409.000000,0.000000,4839.000000,0.000000,23415921.000000
409.000000,0.000000,20977.000000,0.000000,440034529.000000
429.000000,0.000000,11341.000000,0.000000,128618281.000000
290.000000,0.000000,6197.000000,0.000000,38402809.000000
348.000000,0.000000,-1079.000000,0.000000,1164241.000000
441.000000,0.000000,-935.000000,0.000000,874225.000000
337.000000,0.000000,-11459.000000,0.000000,131308681.000000
434.000000,0.000000,3517.000000,0.000000,12369289.000000
347.000000,0.000000,-4831.000000,0.000000,23338561.000000
261.000000,0.000000,-7657.000000,0.000000,58629649.000000
421.000000,0.000000,-15433.000000,0.000000,238177489.000000
340.000000,0.000000,-8097.000000,0.000000,65561409.000000
393.000000,0.000000,-17609.000000,0.000000,310076881.000000
379.000000,0.000000,611.000000,0.000000,373321.000000
674.000000,0.000000,-4305.000000,0.000000,18533025.000000
265.000000,0.000000,3211.000000,0.000000,10310521.000000
380.000000,0.000000,-433.000000,0.000000,187489.000000
400.000000,0.000000,753.000000,0.000000,567009.000000
396.000000,0.000000,-1719.000000,0.000000,2954961.000000
388.000000,0.000000,-483.000000,0.000000,233289.000000
507.000000,0.000000,-4539.000000,0.000000,20602521.000000
288.000000,0.000000,2317.000000,0.000000,5368489.000000
322.000000,0.000000,-1011.000000,0.000000,1022121.000000
409.000000,0.000000,1929.000000,0.000000,3721041.000000
380.000000,0.000000,-2991.000000,0.000000,8946081.000000
384.000000,0.000000,5887.000000,0.000000,34656769.000000
485.000000,0.000000,1731.000000,0.000000,2996361.000000
308.000000,0.000000,4839.000000,0.000000,23415921.000000
404.000000,0.000000,2219.000000,0.000000,4923961.000000
374.000000,0.000000,431.000000,0.000000,185761.000000
427.000000,0.000000,-481.000000,0.000000,231361.000000
371.000000,0.000000,-4409.000000,0.000000,19439281.000000
416.000000,0.000000,-7337.000000,0.000000,53831569.000000
467.000000,0.000000,4357.000000,0.000000,18983449.000000
321.000000,0.000000,2257.000000,0.000000,5094049.000000
408.000000,0.000000,8129.000000,0.000000,66080641.000000
388.000000,0.000000,8101.000000,0.000000,65626201.000000
409.000000,0.000000,-1743.000000,0.000000,3038049.000000
356.000000,0.000000,-4667.000000,0.000000,21780889.000000
456.000000,0.000000,1117.000000,0.000000,1247689.000000
288.000000,0.000000,49.000000,0.000000,2401.000000
392.000000,0.000000,1155.000000,0.000000,1334025.000000
422.000000,0.000000,1275.000000,0.000000,1625625.000000
367.000000,0.000000,-197.000000,0.000000,38809.000000
434.000000,0.000000,-2357.000000,0.000000,5555449.000000
351.000000,0.000000,5693.000000,0.000000,32410249.000000
260.000000,0.000000,1565.000000,0.000000,2449225.000000
373.000000,0.000000,-123.000000,0.000000,15129.000000
398.000000,0.000000,-2851.000000,0.000000,8128201.000000
364.000000,0.000000,-4305.000000,0.000000,18533025.000000
367.000000,0.000000,-6349.000000,0.000000,40309801.000000
501.000000,0.000000,747.000000,0.000000,558009.000000
300.000000,0.000000,-2081.000000,0.000000,4330561.000000
407.000000,0.000000,-2821.000000,0.000000,7958041.000000
357.000000,0.000000,-5689.000000,0.000000,32364721.000000
387.000000,0.000000,5095.000000,0.000000,25959025.000000
404.000000,0.000000,1211.000000,0.000000,1466521.000000
565.000000,0.000000,7977.000000,0.000000,63632529.000000
294.000000,0.000000,4913.000000,0.000000,24137569.000000
357.000000,0.000000,705.000000,0.000000,497025.000000
409.000000,0.000000,-1271.000000,0.000000,1615441.000000
330.000000,0.000000,-1919.000000,0.000000,3682561.000000
436.000000,0.000000,-2019.000000,0.000000,4076361.000000
485.000000,0.000000,-2703.000000,0.000000,7306209.000000
307.000000,0.000000,-4339.000000,0.000000,18826921.000000
282.000000,0.000000,1291.000000,0.000000,1666681.000000
361.000000,0.000000,475.000000,0.000000,225625.000000
394.000000,0.000000,1071.000000,0.000000,1147041.000000
379.000000,0.000000,1655.000000,0.000000,2739025.000000
445.000000,0.000000,4047.000000,0.000000,16378209.000000
427.000000,0.000000,2023.000000,0.000000,4092529.000000
376.000000,0.000000,2419.000000,0.000000,5851561.000000
387.000000,0.000000,2187.000000,0.000000,4782969.000000
390.000000,0.000000,-5315.000000,0.000000,28249225.000000
413.000000,0.000000,-4527.000000,0.000000,20493729.000000
377.000000,0.000000,-2899.000000,0.000000,8404201.000000
474.000000,0.000000,-3655.000000,0.000000,13359025.000000
274.000000,0.000000,-2547.000000,0.000000,6487209.000000
396.000000,0.000000,-6419.000000,0.000000,41203561.000000
71.000000,0.000000,6045.000000,0.000000,36542025.000000
81.000000,0.000000,4469.000000,0.000000,19971961.000000
83.000000,0.000000,-69.000000,0.000000,4761.000000
80.000000,0.000000,-521.000000,0.000000,271441.000000
81.000000,0.000000,7303.000000,0.000000,53333809.000000
83.000000,0.000000,4083.000000,0.000000,16670889.000000
81.000000,0.000000,947.000000,0.000000,896809.000000
79.000000,0.000000,-441.000000,0.000000,194481.000000
82.000000,0.000000,-1121.000000,0.000000,1256641.000000
80.000000,0.000000,-5317.000000,0.000000,28270489.000000
83.000000,0.000000,5701.000000,0.000000,32501401.000000
84.000000,0.000000,2829.000000,0.000000,8003241.000000
82.000000,0.000000,-7403.000000,0.000000,54804409.000000
82.000000,0.000000,-8035.000000,0.000000,64561225.000000
81.000000,0.000000,-143.000000,0.000000,20449.000000
139.000000,0.000000,341.000000,0.000000,116281.000000
81.000000,0.000000,-2039.000000,0.000000,4157521.000000
81.000000,0.000000,-3315.000000,0.000000,10989225.000000
81.000000,0.000000,-4289.000000,0.000000,18395521.000000
301.000000,0.000000,-4577.000000,0.000000,20948929.000000
80.000000,0.000000,-2541.000000,0.000000,6456681.000000
140.000000,0.000000,-1269.000000,0.000000,1610361.000000
79.000000,0.000000,1599.000000,0.000000,2556801.000000
83.000000,0.000000,-73.000000,0.000000,5329.000000
82.000000,0.000000,-3181.000000,0.000000,10118761.000000
412.000000,0.000000,-2677.000000,0.000000,7166329.000000
360.000000,0.000000,105.000000,0.000000,11025.000000
271.000000,0.000000,1669.000000,0.000000,2785561.000000
331.000000,0.000000,4449.000000,0.000000,19793601.000000
395.000000,0.000000,3893.000000,0.000000,15155449.000000
376.000000,0.000000,-443.000000,0.000000,196249.000000
83.000000,0.000000,-843.000000,0.000000,710649.000000
83.000000,0.000000,-3615.000000,0.000000,13068225.000000
81.000000,0.000000,-4119.000000,0.000000,16966161.000000
79.000000,0.000000,1067.000000,0.000000,1138489.000000
83.000000,0.000000,1655.000000,0.000000,2739025.000000
81.000000,0.000000,323.000000,0.000000,104329.000000
78.000000,0.000000,639.000000,0.000000,408321.000000
80.000000,0.000000,263.000000,0.000000,69169.000000
81.000000,0.000000,-189.000000,0.000000,35721.000000
82.000000,0.000000,3887.000000,0.000000,15108769.000000
84.000000,0.000000,3427.000000,0.000000,11744329.000000
83.000000,0.000000,-1167.000000,0.000000,1361889.000000
81.000000,0.000000,-1055.000000,0.000000,1113025.000000
79.000000,0.000000,-1267.000000,0.000000,1605289.000000
403.000000,0.000000,-723.000000,0.000000,522729.000000
314.000000,0.000000,2261.000000,0.000000,5112121.000000
248.000000,0.000000,2345.000000,0.000000,5499025.000000
211.000000,0.000000,-2191.000000,0.000000,4800481.000000
197.000000,0.000000,-2747.000000,0.000000,7546009.000000
86.000000,0.000000,-597.000000,0.000000,356409.000000
81.000000,0.000000,-213.000000,0.000000,45369.000000
601.000000,0.000000,3123.000000,0.000000,9753129.000000
211.000000,0.000000,4075.000000,0.000000,16605625.000000
80.000000,0.000000,-1745.000000,0.000000,3045025.000000
81.000000,0.000000,-2337.000000,0.000000,5461569.000000
80.000000,0.000000,2407.000000,0.000000,5793649.000000
412.000000,0.000000,2343.000000,0.000000,5489649.000000
203.000000,0.000000,1281.000000,0.000000,1640961.000000
81.000000,0.000000,2085.000000,0.000000,4347225.000000
302.000000,0.000000,-1923.000000,0.000000,3697929.000000
264.000000,0.000000,-1463.000000,0.000000,2140369.000000
80.000000,0.000000,-571.000000,0.000000,326041.000000
288.000000,0.000000,-891.000000,0.000000,793881.000000
81.000000,0.000000,3241.000000,0.000000,10504081.000000
199.000000,0.000000,4401.000000,0.000000,19368801.000000
216.000000,0.000000,-2713.000000,0.000000,7360369.000000
82.000000,0.000000,-869.000000,0.000000,755161.000000
173.000000,0.000000,1167.000000,0.000000,1361889.000000
82.000000,0.000000,1955.000000,0.000000,3822025.000000
124.000000,0.000000,-1545.000000,0.000000,2387025.000000
343.000000,0.000000,-773.000000,0.000000,597529.000000
140.000000,0.000000,-2049.000000,0.000000,4198401.000000
96.000000,0.000000,-2325.000000,0.000000,5405625.000000
189.000000,0.000000,2261.000000,0.000000,5112121.000000
83.000000,0.000000,2693.000000,0.000000,7252249.000000
137.000000,0.000000,-5783.000000,0.000000,33443089.000000
264.000000,0.000000,-3783.000000,0.000000,14311089.000000
82.000000,0.000000,-547.000000,0.000000,299209.000000
83.000000,0.000000,361.000000,0.000000,130321.000000
168.000000,0.000000,-2047.000000,0.000000,4190209.000000
82.000000,0.000000,-1635.000000,0.000000,2673225.000000
82.000000,0.000000,-3721.000000,0.000000,13845841.000000
82.000000,0.000000,-2569.000000,0.000000,6599761.000000
83.000000,0.000000,-3633.000000,0.000000,13198689.000000
85.000000,0.000000,-1833.000000,0.000000,3359889.000000
171.000000,0.000000,1663.000000,0.000000,2765569.000000
78.000000,0.000000,1711.000000,0.000000,2927521.000000
82.000000,0.000000,-697.000000,0.000000,485809.000000
82.000000,0.000000,311.000000,0.000000,96721.000000
139.000000,0.000000,-195.000000,0.000000,38025.000000
85.000000,0.000000,1577.000000,0.000000,2486929.000000
84.000000,0.000000,3393.000000,0.000000,11512449.000000
159.000000,0.000000,4613.000000,0.000000,21279769.000000
138.000000,0.000000,6615.000000,0.000000,43758225.000000
119.000000,0.000000,6523.000000,0.000000,42549529.000000
132.000000,0.000000,-2365.000000,0.000000,5593225.000000
115.000000,0.000000,-865.000000,0.000000,748225.000000
106.000000,0.000000,-1835.000000,0.000000,3367225.000000
106.000000,0.000000,1029.000000,0.000000,1058841.000000
176.000000,0.000000,917.000000,0.000000,840889.000000
170.000000,0.000000,1653.000000,0.000000,2732409.000000
121.000000,0.000000,-2075.000000,0.000000,4305625.000000
123.000000,0.000000,-315.000000,0.000000,99225.000000
124.000000,0.000000,1973.000000,0.000000,3892729.000000
122.000000,0.000000,1741.000000,0.000000,3031081.000000
107.000000,0.000000,-3897.000000,0.000000,15186609.000000
165.000000,0.000000,-3125.000000,0.000000,9765625.000000
144.000000,0.000000,-1117.000000,0.000000,1247689.000000
156.000000,0.000000,1431.000000,0.000000,2047761.000000
82.000000,0.000000,-1137.000000,0.000000,1292769.000000
126.000000,0.000000,551.000000,0.000000,303601.000000
81.000000,0.000000,467.000000,0.000000,218089.000000
81.000000,0.000000,427.000000,0.000000,182329.000000
185.000000,0.000000,-4603.000000,0.000000,21187609.000000
80.000000,0.000000,-3223.000000,0.000000,10387729.000000
202.000000,0.000000,-1875.000000,0.000000,3515625.000000
198.000000,0.000000,521.000000,0.000000,271441.000000
80.000000,0.000000,-1595.000000,0.000000,2544025.000000
81.000000,0.000000,-1127.000000,0.000000,1270129.000000
80.000000,0.000000,2109.000000,0.000000,4447881.000000
180.000000,0.000000,3521.000000,0.000000,12397441.000000
205.000000,0.000000,3703.000000,0.000000,13712209.000000
182.000000,0.000000,6239.000000,0.000000,38925121.000000
216.000000,0.000000,-4117.000000,0.000000,16949689.000000
378.000000,0.000000,-3141.000000,0.000000,9865881.000000
224.000000,0.000000,319.000000,0.000000,101761.000000
177.000000,0.000000,-1005.000000,0.000000,1010025.000000
399.000000,0.000000,795.000000,0.000000,632025.000000
370.000000,0.000000,-169.000000,0.000000,28561.000000
400.000000,0.000000,65.000000,0.000000,4225.000000
403.000000,0.000000,505.000000,0.000000,255025.000000
402.000000,0.000000,457.000000,0.000000,208849.000000
275.000000,0.000000,-63.000000,0.000000,3969.000000
291.000000,0.000000,-851.000000,0.000000,724201.000000
154.000000,0.000000,-1243.000000,0.000000,1545049.000000
325.000000,0.000000,4453.000000,0.000000,19829209.000000
213.000000,0.000000,3237.000000,0.000000,10478169.000000
151.000000,0.000000,2587.000000,0.000000,6692569.000000
196.000000,0.000000,1967.000000,0.000000,3869089.000000
324.000000,0.000000,-3097.000000,0.000000,9591409.000000
353.000000,0.000000,-2661.000000,0.000000,7080921.000000
159.000000,0.000000,1079.000000,0.000000,1164241.000000
233.000000,0.000000,983.000000,0.000000,966289.000000
412.000000,0.000000,459.000000,0.000000,210681.000000
341.000000,0.000000,-805.000000,0.000000,648025.000000
400.000000,0.000000,-1239.000000,0.000000,1535121.000000
413.000000,0.000000,-1539.000000,0.000000,2368521.000000
82.000000,0.000000,-199.000000,0.000000,39601.000000
347.000000,0.000000,533.000000,0.000000,284089.000000
85.000000,0.000000,3701.000000,0.000000,13697401.000000
82.000000,0.000000,2505.000000,0.000000,6275025.000000
82.000000,0.000000,-1179.000000,0.000000,1390041.000000
80.000000,0.000000,-1319.000000,0.000000,1739761.000000
82.000000,0.000000,-2309.000000,0.000000,5331481.000000
158.000000,0.000000,-1589.000000,0.000000,2524921.000000
85.000000,0.000000,1935.000000,0.000000,3744225.000000
84.000000,0.000000,1751.000000,0.000000,3066001.000000
84.000000,0.000000,-1825.000000,0.000000,3330625.000000
84.000000,0.000000,-2857.000000,0.000000,8162449.000000
86.000000,0.000000,39.000000,0.000000,1521.000000
86.000000,0.000000,-1681.000000,0.000000,2825761.000000
85.000000,0.000000,3121.000000,0.000000,9740641.000000
84.000000,0.000000,2061.000000,0.000000,4247721.000000
81.000000,0.000000,2349.000000,0.000000,5517801.000000
82.000000,0.000000,2417.000000,0.000000,5841889.000000
80.000000,0.000000,2617.000000,0.000000,6848689.000000
87.000000,0.000000,453.000000,0.000000,205209.000000
82.000000,0.000000,-67.000000,0.000000,4489.000000
84.000000,0.000000,-823.000000,0.000000,677329.000000
84.000000,0.000000,87.000000,0.000000,7569.000000
83.000000,0.000000,31.000000,0.000000,961.000000
82.000000,0.000000,839.000000,0.000000,703921.000000
80.000000,0.000000,-345.000000,0.000000,119025.000000
84.000000,0.000000,-1261.000000,0.000000,1590121.000000
81.000000,0.000000,-1073.000000,0.000000,1151329.000000
80.000000,0.000000,-3805.000000,0.000000,14478025.000000
86.000000,0.000000,-2441.000000,0.000000,5958481.000000
83.000000,0.000000,-523.000000,0.000000,273529.000000
82.000000,0.000000,2053.000000,0.000000,4214809.000000
82.000000,0.000000,-311.000000,0.000000,96721.000000
82.000000,0.000000,777.000000,0.000000,603729.000000
82.000000,0.000000,-3083.000000,0.000000,9504889.000000
83.000000,0.000000,-1467.000000,0.000000,2152089.000000
85.000000,0.000000,129.000000,0.000000,16641.000000
83.000000,0.000000,265.000000,0.000000,70225.000000
87.000000,0.000000,923.000000,0.000000,851929.000000
86.000000,0.000000,2087.000000,0.000000,4355569.000000
85.000000,0.000000,483.000000,0.000000,233289.000000
83.000000,0.000000,3199.000000,0.000000,10233601.000000
78.000000,0.000000,155.000000,0.000000,24025.000000
82.000000,0.000000,-1677.000000,0.000000,2812329.000000
87.000000,0.000000,5339.000000,0.000000,28504921.000000
83.000000,0.000000,2259.000000,0.000000,5103081.000000
81.000000,0.000000,-311.000000,0.000000,96721.000000
84.000000,0.000000,-2323.000000,0.000000,5396329.000000
82.000000,0.000000,1861.000000,0.000000,3463321.000000
84.000000,0.000000,353.000000,0.000000,124609.000000
78.000000,0.000000,6109.000000,0.000000,37319881.000000
127.000000,0.000000,3073.000000,0.000000,9443329.000000
83.000000,0.000000,-895.000000,0.000000,801025.000000
81.000000,0.000000,-3275.000000,0.000000,10725625.000000
85.000000,0.000000,-1697.000000,0.000000,2879809.000000
83.000000,0.000000,-2745.000000,0.000000,7535025.000000
82.000000,0.000000,-1657.000000,0.000000,2745649.000000
83.000000,0.000000,-3753.000000,0.000000,14085009.000000
83.000000,0.000000,527.000000,0.000000,277729.000000
86.000000,0.000000,419.000000,0.000000,175561.000000
83.000000,0.000000,775.000000,0.000000,600625.000000
85.000000,0.000000,643.000000,0.000000,413449.000000
87.000000,0.000000,-3099.000000,0.000000,9603801.000000
85.000000,0.000000,-2011.000000,0.000000,4044121.000000
84.000000,0.000000,-3831.000000,0.000000,14676561.000000
81.000000,0.000000,-3319.000000,0.000000,11015761.000000
85.000000,0.000000,-783.000000,0.000000,613089.000000
82.000000,0.000000,-735.000000,0.000000,540225.000000
82.000000,0.000000,1277.000000,0.000000,1630729.000000
82.000000,0.000000,917.000000,0.000000,840889.000000
88.000000,0.000000,611.000000,0.000000,373321.000000
78.000000,0.000000,1447.000000,0.000000,2093809.000000
78.000000,0.000000,-445.000000,0.000000,198025.000000
82.000000,0.000000,519.000000,0.000000,269361.000000
81.000000,0.000000,4613.000000,0.000000,21279769.000000
160.000000,0.000000,2033.000000,0.000000,4133089.000000
81.000000,0.000000,2333.000000,0.000000,5442889.000000
273.000000,0.000000,-343.000000,0.000000,117649.000000
81.000000,0.000000,1647.000000,0.000000,2712609.000000
84.000000,0.000000,-65.000000,0.000000,4225.000000
265.000000,0.000000,787.000000,0.000000,619369.000000
176.000000,0.000000,-677.000000,0.000000,458329.000000
316.000000,0.000000,1451.000000,0.000000,2105401.000000
350.000000,0.000000,-1381.000000,0.000000,1907161.000000
82.000000,0.000000,1943.000000,0.000000,3775249.000000
240.000000,0.000000,-585.000000,0.000000,342225.000000
160.000000,0.000000,-1199.000000,0.000000,1437601.000000
249.000000,0.000000,-2467.000000,0.000000,6086089.000000
394.000000,0.000000,1953.000000,0.000000,3814209.000000
292.000000,0.000000,213.000000,0.000000,45369.000000
252.000000,0.000000,-1103.000000,0.000000,1216609.000000
388.000000,0.000000,-1359.000000,0.000000,1846881.000000
350.000000,0.000000,-231.000000,0.000000,53361.000000
337.000000,0.000000,-415.000000,0.000000,172225.000000
162.000000,0.000000,-3757.000000,0.000000,14115049.000000
527.000000,0.000000,-3305.000000,0.000000,10923025.000000
83.000000,0.000000,-2025.000000,0.000000,4100625.000000
92.000000,0.000000,-933.000000,0.000000,870489.000000
164.000000,0.000000,2527.000000,0.000000,6385729.000000
125.000000,0.000000,1811.000000,0.000000,3279721.000000
135.000000,0.000000,3035.000000,0.000000,9211225.000000
262.000000,0.000000,2967.000000,0.000000,8803089.000000
176.000000,0.000000,2613.000000,0.000000,6827769.000000
88.000000,0.000000,3253.000000,0.000000,10582009.000000
82.000000,0.000000,-1563.000000,0.000000,2442969.000000
82.000000,0.000000,-955.000000,0.000000,912025.000000
82.000000,0.000000,-2207.000000,0.000000,4870849.000000
84.000000,0.000000,-3203.000000,0.000000,10259209.000000
228.000000,0.000000,4649.000000,0.000000,21613201.000000
81.000000,0.000000,3189.000000,0.000000,10169721.000000
85.000000,0.000000,1151.000000,0.000000,1324801.000000
85.000000,0.000000,871.000000,0.000000,758641.000000
87.000000,0.000000,-2261.000000,0.000000,5112121.000000
81.000000,0.000000,-2181.000000,0.000000,4756761.000000
84.000000,0.000000,3007.000000,0.000000,9042049.000000
89.000000,0.000000,1799.000000,0.000000,3236401.000000
81.000000,0.000000,323.000000,0.000000,104329.000000
380.000000,0.000000,-405.000000,0.000000,164025.000000
91.000000,0.000000,-79.000000,0.000000,6241.000000
333.000000,0.000000,-99.000000,0.000000,9801.000000
468.000000,0.000000,-351.000000,0.000000,123201.000000
283.000000,0.000000,-827.000000,0.000000,683929.000000
357.000000,0.000000,245.000000,0.000000,60025.000000
400.000000,0.000000,1005.000000,0.000000,1010025.000000
174.000000,0.000000,-2915.000000,0.000000,8497225.000000
402.000000,0.000000,-1075.000000,0.000000,1155625.000000
272.000000,0.000000,-5037.000000,0.000000,25371369.000000
82.000000,0.000000,-2105.000000,0.000000,4431025.000000
81.000000,0.000000,2255.000000,0.000000,5085025.000000
171.000000,0.000000,3987.000000,0.000000,15896169.000000
83.000000,0.000000,227.000000,0.000000,51529.000000
83.000000,0.000000,2055.000000,0.000000,4223025.000000
128.000000,0.000000,-1033.000000,0.000000,1067089.000000
231.000000,0.000000,-45.000000,0.000000,2025.000000
224.000000,0.000000,-963.000000,0.000000,927369.000000
82.000000,0.000000,933.000000,0.000000,870489.000000
80.000000,0.000000,-4147.000000,0.000000,17197609.000000
85.000000,0.000000,-1499.000000,0.000000,2247001.000000
84.000000,0.000000,1233.000000,0.000000,1520289.000000
83.000000,0.000000,901.000000,0.000000,811801.000000
82.000000,0.000000,2813.000000,0.000000,7912969.000000
83.000000,0.000000,1153.000000,0.000000,1329409.000000
81.000000,0.000000,-857.000000,0.000000,734449.000000
83.000000,0.000000,-1273.000000,0.000000,1620529.000000
83.000000,0.000000,-937.000000,0.000000,877969.000000
84.000000,0.000000,-225.000000,0.000000,50625.000000
82.000000,0.000000,3939.000000,0.000000,15515721.000000
80.000000,0.000000,2203.000000,0.000000,4853209.000000
85.000000,0.000000,1739.000000,0.000000,3024121.000000
79.000000,0.000000,1299.000000,0.000000,1687401.000000
78.000000,0.000000,-2979.000000,0.000000,8874441.000000
86.000000,0.000000,-2183.000000,0.000000,4765489.000000
85.000000,0.000000,-1951.000000,0.000000,3806401.000000
86.000000,0.000000,-2843.000000,0.000000,8082649.000000
81.000000,0.000000,3801.000000,0.000000,14447601.000000
86.000000,0.000000,2873.000000,0.000000,8254129.000000
81.000000,0.000000,1069.000000,0.000000,1142761.000000
83.000000,0.000000,485.000000,0.000000,235225.000000
79.000000,0.000000,-3857.000000,0.000000,14876449.000000
81.000000,0.000000,-3077.000000,0.000000,9467929.000000
84.000000,0.000000,-2137.000000,0.000000,4566769.000000
87.000000,0.000000,-2333.000000,0.000000,5442889.000000
80.000000,0.000000,-2277.000000,0.000000,5184729.000000
84.000000,0.000000,-2449.000000,0.000000,5997601.000000
83.000000,0.000000,1419.000000,0.000000,2013561.000000
82.000000,0.000000,295.000000,0.000000,87025.000000
83.000000,0.000000,1277.000000,0.000000,1630729.000000
84.000000,0.000000,1157.000000,0.000000,1338649.000000
84.000000,0.000000,-471.000000,0.000000,221841.000000
81.000000,0.000000,-175.000000,0.000000,30625.000000
86.000000,0.000000,4229.000000,0.000000,17884441.000000
83.000000,0.000000,4521.000000,0.000000,20439441.000000
83.000000,0.000000,-767.000000,0.000000,588289.000000
80.000000,0.000000,-2187.000000,0.000000,4782969.000000
230.000000,0.000000,815.000000,0.000000,664225.000000
80.000000,0.000000,487.000000,0.000000,237169.000000
152.000000,0.000000,-1145.000000,0.000000,1311025.000000
149.000000,0.000000,263.000000,0.000000,69169.000000
306.000000,0.000000,-1929.000000,0.000000,3721041.000000
250.000000,0.000000,-3049.000000,0.000000,9296401.000000
154.000000,0.000000,1975.000000,0.000000,3900625.000000
157.000000,0.000000,2247.000000,0.000000,5049009.000000
266.000000,0.000000,-1427.000000,0.000000,2036329.000000
308.000000,0.000000,-231.000000,0.000000,53361.000000
330.000000,0.000000,1329.000000,0.000000,1766241.000000
213.000000,0.000000,1157.000000,0.000000,1338649.000000
294.000000,0.000000,-1651.000000,0.000000,2725801.000000
433.000000,0.000000,-2939.000000,0.000000,8637721.000000
303.000000,0.000000,-2879.000000,0.000000,8288641.000000
392.000000,0.000000,-2191.000000,0.000000,4800481.000000
316.000000,0.000000,1759.000000,0.000000,3094081.000000
80.000000,0.000000,3419.000000,0.000000,11689561.000000
82.000000,0.000000,-2513.000000,0.000000,6315169.000000
83.000000,0.000000,-2725.000000,0.000000,7425625.000000
85.000000,0.000000,567.000000,0.000000,321489.000000
83.000000,0.000000,1067.000000,0.000000,1138489.000000
156.000000,0.000000,2975.000000,0.000000,8850625.000000
188.000000,0.000000,1723.000000,0.000000,2968729.000000
80.000000,0.000000,-755.000000,0.000000,570025.000000
256.000000,0.000000,-915.000000,0.000000,837225.000000
362.000000,0.000000,2585.000000,0.000000,6682225.000000
280.000000,0.000000,4249.000000,0.000000,18054001.000000
313.000000,0.000000,-449.000000,0.000000,201601.000000
369.000000,0.000000,-121.000000,0.000000,14641.000000
271.000000,0.000000,1643.000000,0.000000,2699449.000000
331.000000,0.000000,83.000000,0.000000,6889.000000
84.000000,0.000000,1629.000000,0.000000,2653641.000000
82.000000,0.000000,1137.000000,0.000000,1292769.000000
83.000000,0.000000,2037.000000,0.000000,4149369.000000
209.000000,0.000000,3489.000000,0.000000,12173121.000000
81.000000,0.000000,1741.000000,0.000000,3031081.000000
82.000000,0.000000,9.000000,0.000000,81.000000
179.000000,0.000000,1885.000000,0.000000,3553225.000000
81.000000,0.000000,2201.000000,0.000000,4844401.000000
83.000000,0.000000,-657.000000,0.000000,431649.000000
121.000000,0.000000,687.000000,0.000000,471969.000000
83.000000,0.000000,-2813.000000,0.000000,7912969.000000
199.000000,0.000000,-3749.000000,0.000000,14055001.000000
328.000000,0.000000,1607.000000,0.000000,2582449.000000
261.000000,0.000000,171.000000,0.000000,29241.000000
304.000000,0.000000,899.000000,0.000000,808201.000000
82.000000,0.000000,1647.000000,0.000000,2712609.000000
85.000000,0.000000,-7411.000000,0.000000,54922921.000000
84.000000,0.000000,-5715.000000,0.000000,32661225.000000
83.000000,0.000000,-2731.000000,0.000000,7458361.000000
82.000000,0.000000,-3243.000000,0.000000,10517049.000000
85.000000,0.000000,373.000000,0.000000,139129.000000
83.000000,0.000000,941.000000,0.000000,885481.000000
82.000000,0.000000,-1323.000000,0.000000,1750329.000000
83.000000,0.000000,-3035.000000,0.000000,9211225.000000
83.000000,0.000000,839.000000,0.000000,703921.000000
80.000000,0.000000,259.000000,0.000000,67081.000000
93.000000,0.000000,-1909.000000,0.000000,3644281.000000
80.000000,0.000000,-41.000000,0.000000,1681.000000
82.000000,0.000000,1275.000000,0.000000,1625625.000000
284.000000,0.000000,83.000000,0.000000,6889.000000
344.000000,0.000000,1615.000000,0.000000,2608225.000000
230.000000,0.000000,-953.000000,0.000000,908209.000000
82.000000,0.000000,1925.000000,0.000000,3705625.000000
82.000000,0.000000,-271.000000,0.000000,73441.000000
370.000000,0.000000,4205.000000,0.000000,17682025.000000
312.000000,0.000000,4209.000000,0.000000,17715681.000000
82.000000,0.000000,1001.000000,0.000000,1002001.000000
82.000000,0.000000,-2051.000000,0.000000,4206601.000000
81.000000,0.000000,265.000000,0.000000,70225.000000
80.000000,0.000000,-931.000000,0.000000,866761.000000
83.000000,0.000000,3119.000000,0.000000,9728161.000000
258.000000,0.000000,2767.000000,0.000000,7656289.000000
80.000000,0.000000,1131.000000,0.000000,1279161.000000
81.000000,0.000000,-797.000000,0.000000,635209.000000
80.000000,0.000000,-629.000000,0.000000,395641.000000
273.000000,0.000000,-3241.000000,0.000000,10504081.000000
191.000000,0.000000,-577.000000,0.000000,332929.000000
301.000000,0.000000,-1837.000000,0.000000,3374569.000000
375.000000,0.000000,1301.000000,0.000000,1692601.000000
565.000000,0.000000,949.000000,0.000000,900601.000000
250.000000,0.000000,-931.000000,0.000000,866761.000000
272.000000,0.000000,-2467.000000,0.000000,6086089.000000
179.000000,0.000000,-335.000000,0.000000,112225.000000
154.000000,0.000000,-1623.000000,0.000000,2634129.000000
364.000000,0.000000,-63.000000,0.000000,3969.000000
193.000000,0.000000,-2575.000000,0.000000,6630625.000000
81.000000,0.000000,47.000000,0.000000,2209.000000
360.000000,0.000000,-1181.000000,0.000000,1394761.000000
81.000000,0.000000,1851.000000,0.000000,3426201.000000
338.000000,0.000000,1375.000000,0.000000,1890625.000000
260.000000,0.000000,-2681.000000,0.000000,7187761.000000
424.000000,0.000000,-3729.000000,0.000000,13905441.000000
299.000000,0.000000,1911.000000,0.000000,3651921.000000
207.000000,0.000000,279.000000,0.000000,77841.000000
327.000000,0.000000,-1059.000000,0.000000,1121481.000000
365.000000,0.000000,-1567.000000,0.000000,2455489.000000
401.000000,0.000000,-543.000000,0.000000,294849.000000
337.000000,0.000000,-651.000000,0.000000,423801.000000
259.000000,0.000000,3109.000000,0.000000,9665881.000000
186.000000,0.000000,1681.000000,0.000000,2825761.000000
238.000000,0.000000,-1767.000000,0.000000,3122289.000000
264.000000,0.000000,-2899.000000,0.000000,8404201.000000
181.000000,0.000000,-513.000000,0.000000,263169.000000
347.000000,0.000000,-737.000000,0.000000,543169.000000
172.000000,0.000000,-177.000000,0.000000,31329.000000
256.000000,0.000000,-913.000000,0.000000,833569.000000
297.000000,0.000000,2639.000000,0.000000,6964321.000000
82.000000,0.000000,1779.000000,0.000000,3164841.000000
217.000000,0.000000,1231.000000,0.000000,1515361.000000
192.000000,0.000000,1555.000000,0.000000,2418025.000000
235.000000,0.000000,-339.000000,0.000000,114921.000000
255.000000,0.000000,477.000000,0.000000,227529.000000
206.000000,0.000000,2721.000000,0.000000,7403841.000000
194.000000,0.000000,2857.000000,0.000000,8162449.000000
199.000000,0.000000,-723.000000,0.000000,522729.000000
240.000000,0.000000,-923.000000,0.000000,851929.000000
401.000000,0.000000,977.000000,0.000000,954529.000000
81.000000,0.000000,201.000000,0.000000,40401.000000
83.000000,0.000000,279.000000,0.000000,77841.000000
79.000000,0.000000,547.000000,0.000000,299209.000000
184.000000,0.000000,-3753.000000,0.000000,14085009.000000
262.000000,0.000000,-2661.000000,0.000000,7080921.000000
227.000000,0.000000,963.000000,0.000000,927369.000000
261.000000,0.000000,1315.000000,0.000000,1729225.000000
80.000000,0.000000,59.000000,0.000000,3481.000000
83.000000,0.000000,419.000000,0.000000,175561.000000
351.000000,0.000000,-571.000000,0.000000,326041.000000
84.000000,0.000000,665.000000,0.000000,442225.000000
82.000000,0.000000,201.000000,0.000000,40401.000000
79.000000,0.000000,1757.000000,0.000000,3087049.000000
85.000000,0.000000,-3255.000000,0.000000,10595025.000000
82.000000,0.000000,-2939.000000,0.000000,8637721.000000
83.000000,0.000000,-3923.000000,0.000000,15389929.000000
81.000000,0.000000,-3231.000000,0.000000,10439361.000000
83.000000,0.000000,-1225.000000,0.000000,1500625.000000
82.000000,0.000000,191.000000,0.000000,36481.000000
82.000000,0.000000,-129.000000,0.000000,16641.000000
82.000000,0.000000,1079.000000,0.000000,1164241.000000
81.000000,0.000000,-1285.000000,0.000000,1651225.000000
83.000000,0.000000,383.000000,0.000000,146689.000000
81.000000,0.000000,1779.000000,0.000000,3164841.000000
88.000000,0.000000,2887.000000,0.000000,8334769.000000
85.000000,0.000000,2749.000000,0.000000,7557001.000000
81.000000,0.000000,4789.000000,0.000000,22934521.000000
92.000000,0.000000,-1311.000000,0.000000,1718721.000000
88.000000,0.000000,1217.000000,0.000000,1481089.000000
83.000000,0.000000,2041.000000,0.000000,4165681.000000
85.000000,0.000000,3161.000000,0.000000,9991921.000000
82.000000,0.000000,365.000000,0.000000,133225.000000
86.000000,0.000000,2013.000000,0.000000,4052169.000000
83.000000,0.000000,-1825.000000,0.000000,3330625.000000
81.000000,0.000000,795.000000,0.000000,632025.000000
83.000000,0.000000,471.000000,0.000000,221841.000000
79.000000,0.000000,2555.000000,0.000000,6528025.000000
79.000000,0.000000,1789.000000,0.000000,3200521.000000
79.000000,0.000000,201.000000,0.000000,40401.000000
84.000000,0.000000,1517.000000,0.000000,2301289.000000
83.000000,0.000000,289.000000,0.000000,83521.000000
84.000000,0.000000,-2653.000000,0.000000,7038409.000000
85.000000,0.000000,-2613.000000,0.000000,6827769.000000
79.000000,0.000000,-1729.000000,0.000000,2989441.000000
83.000000,0.000000,-2041.000000,0.000000,4165681.000000
82.000000,0.000000,1359.000000,0.000000,1846881.000000
83.000000,0.000000,367.000000,0.000000,134689.000000
83.000000,0.000000,1115.000000,0.000000,1243225.000000
78.000000,0.000000,-653.000000,0.000000,426409.000000
87.000000,0.000000,-1367.000000,0.000000,1868689.000000
82.000000,0.000000,-1827.000000,0.000000,3337929.000000
83.000000,0.000000,-1751.000000,0.000000,3066001.000000
88.000000,0.000000,-2003.000000,0.000000,4012009.000000
78.000000,0.000000,1173.000000,0.000000,1375929.000000
81.000000,0.000000,1421.000000,0.000000,2019241.000000
85.000000,0.000000,3613.000000,0.000000,13053769.000000
84.000000,0.000000,2565.000000,0.000000,6579225.000000
82.000000,0.000000,-2165.000000,0.000000,4687225.000000
86.000000,0.000000,-2081.000000,0.000000,4330561.000000
81.000000,0.000000,-1121.000000,0.000000,1256641.000000
84.000000,0.000000,27.000000,0.000000,729.000000
87.000000,0.000000,1431.000000,0.000000,2047761.000000
82.000000,0.000000,323.000000,0.000000,104329.000000
83.000000,0.000000,-165.000000,0.000000,27225.000000
83.000000,0.000000,-9.000000,0.000000,81.000000
82.000000,0.000000,-247.000000,0.000000,61009.000000
83.000000,0.000000,953.000000,0.000000,908209.000000
79.000000,0.000000,-1791.000000,0.000000,3207681.000000
82.000000,0.000000,-1799.000000,0.000000,3236401.000000
82.000000,0.000000,1425.000000,0.000000,2030625.000000
84.000000,0.000000,197.000000,0.000000,38809.000000
83.000000,0.000000,-799.000000,0.000000,638401.000000
89.000000,0.000000,-1747.000000,0.000000,3052009.000000
85.000000,0.000000,1147.000000,0.000000,1315609.000000
86.000000,0.000000,995.000000,0.000000,990025.000000
83.000000,0.000000,-1761.000000,0.000000,3101121.000000
84.000000,0.000000,-2089.000000,0.000000,4363921.000000
82.000000,0.000000,-405.000000,0.000000,164025.000000
82.000000,0.000000,-1573.000000,0.000000,2474329.000000
82.000000,0.000000,1791.000000,0.000000,3207681.000000
85.000000,0.000000,631.000000,0.000000,398161.000000
81.000000,0.000000,-927.000000,0.000000,859329.000000
81.000000,0.000000,-1283.000000,0.000000,1646089.000000
92.000000,0.000000,1473.000000,0.000000,2169729.000000
82.000000,0.000000,1085.000000,0.000000,1177225.000000
83.000000,0.000000,-847.000000,0.000000,717409.000000
83.000000,0.000000,-1271.000000,0.000000,1615441.000000
84.000000,0.000000,905.000000,0.000000,819025.000000
83.000000,0.000000,705.000000,0.000000,497025.000000
84.000000,0.000000,1043.000000,0.000000,1087849.000000
84.000000,0.000000,1679.000000,0.000000,2819041.000000
85.000000,0.000000,287.000000,0.000000,82369.000000
82.000000,0.000000,819.000000,0.000000,670761.000000
81.000000,0.000000,1955.000000,0.000000,3822025.000000
84.000000,0.000000,1671.000000,0.000000,2792241.000000
85.000000,0.000000,-177.000000,0.000000,31329.000000
89.000000,0.000000,-493.000000,0.000000,243049.000000
84.000000,0.000000,-855.000000,0.000000,731025.000000
82.000000,0.000000,-327.000000,0.000000,106929.000000
82.000000,0.000000,257.000000,0.000000,66049.000000
84.000000,0.000000,1353.000000,0.000000,1830609.000000
323.000000,0.000000,325.000000,0.000000,105625.000000
83.000000,0.000000,-1063.000000,0.000000,1129969.000000
81.000000,0.000000,1513.000000,0.000000,2289169.000000
77.000000,0.000000,277.000000,0.000000,76729.000000
83.000000,0.000000,-1289.000000,0.000000,1661521.000000
82.000000,0.000000,-1713.000000,0.000000,2934369.000000
83.000000,0.000000,2687.000000,0.000000,7219969.000000
86.000000,0.000000,2023.000000,0.000000,4092529.000000
79.000000,0.000000,-213.000000,0.000000,45369.000000
84.000000,0.000000,-1693.000000,0.000000,2866249.000000
81.000000,0.000000,1043.000000,0.000000,1087849.000000
83.000000,0.000000,-445.000000,0.000000,198025.000000
82.000000,0.000000,5481.000000,0.000000,30041361.000000
82.000000,0.000000,4893.000000,0.000000,23941449.000000
83.000000,0.000000,-483.000000,0.000000,233289.000000
85.000000,0.000000,-703.000000,0.000000,494209.000000
85.000000,0.000000,2681.000000,0.000000,7187761.000000
84.000000,0.000000,17.000000,0.000000,289.000000
82.000000,0.000000,1437.000000,0.000000,2064969.000000
82.000000,0.000000,-1579.000000,0.000000,2493241.000000
86.000000,0.000000,2307.000000,0.000000,5322249.000000
81.000000,0.000000,-33.000000,0.000000,1089.000000
85.000000,0.000000,2203.000000,0.000000,4853209.000000
79.000000,0.000000,751.000000,0.000000,564001.000000
78.000000,0.000000,3575.000000,0.000000,12780625.000000
84.000000,0.000000,499.000000,0.000000,249001.000000
85.000000,0.000000,2047.000000,0.000000,4190209.000000
85.000000,0.000000,-85.000000,0.000000,7225.000000
85.000000,0.000000,-603.000000,0.000000,363609.000000
84.000000,0.000000,-2035.000000,0.000000,4141225.000000
81.000000,0.000000,1513.000000,0.000000,2289169.000000
87.000000,0.000000,-487.000000,0.000000,237169.000000
81.000000,0.000000,-1063.000000,0.000000,1129969.000000
84.000000,0.000000,-91.000000,0.000000,8281.000000
83.000000,0.000000,125.000000,0.000000,15625.000000
86.000000,0.000000,865.000000,0.000000,748225.000000
83.000000,0.000000,-2161.000000,0.000000,4669921.000000
83.000000,0.000000,-137.000000,0.000000,18769.000000
85.000000,0.000000,-2433.000000,0.000000,5919489.000000
83.000000,0.000000,-649.000000,0.000000,421201.000000
83.000000,0.000000,1455.000000,0.000000,2117025.000000
84.000000,0.000000,2167.000000,0.000000,4695889.000000
85.000000,0.000000,-673.000000,0.000000,452929.000000
82.000000,0.000000,383.000000,0.000000,146689.000000
82.000000,0.000000,-1671.000000,0.000000,2792241.000000
81.000000,0.000000,245.000000,0.000000,60025.000000
86.000000,0.000000,45.000000,0.000000,2025.000000
88.000000,0.000000,1657.000000,0.000000,2745649.000000
87.000000,0.000000,1661.000000,0.000000,2758921.000000
83.000000,0.000000,1349.000000,0.000000,1819801.000000
84.000000,0.000000,3057.000000,0.000000,9345249.000000
81.000000,0.000000,2841.000000,0.000000,8071281.000000
83.000000,0.000000,-5005.000000,0.000000,25050025.000000
83.000000,0.000000,-4057.000000,0.000000,16459249.000000
86.000000,0.000000,-1789.000000,0.000000,3200521.000000
85.000000,0.000000,-1233.000000,0.000000,1520289.000000
80.000000,0.000000,3155.000000,0.000000,9954025.000000
86.000000,0.000000,3207.000000,0.000000,10284849.000000
84.000000,0.000000,2755.000000,0.000000,7590025.000000
83.000000,0.000000,2151.000000,0.000000,4626801.000000
83.000000,0.000000,421.000000,0.000000,177241.000000
83.000000,0.000000,1005.000000,0.000000,1010025.000000
84.000000,0.000000,-3735.000000,0.000000,13950225.000000
89.000000,0.000000,-2695.000000,0.000000,7263025.000000
83.000000,0.000000,-3605.000000,0.000000,12996025.000000
85.000000,0.000000,-2317.000000,0.000000,5368489.000000
84.000000,0.000000,-1121.000000,0.000000,1256641.000000
84.000000,0.000000,-145.000000,0.000000,21025.000000
81.000000,0.000000,1005.000000,0.000000,1010025.000000
81.000000,0.000000,2777.000000,0.000000,7711729.000000
83.000000,0.000000,-3987.000000,0.000000,15896169.000000
81.000000,0.000000,-1575.000000,0.000000,2480625.000000
81.000000,0.000000,-2555.000000,0.000000,6528025.000000
85.000000,0.000000,-1535.000000,0.000000,2356225.000000
85.000000,0.000000,-2619.000000,0.000000,6859161.000000
82.000000,0.000000,-1271.000000,0.000000,1615441.000000
87.000000,0.000000,-4365.000000,0.000000,19053225.000000
80.000000,0.000000,-1973.000000,0.000000,3892729.000000
87.000000,0.000000,-2297.000000,0.000000,5276209.000000
94.000000,0.000000,-449.000000,0.000000,201601.000000
87.000000,0.000000,2743.000000,0.000000,7524049.000000
83.000000,0.000000,2227.000000,0.000000,4959529.000000
82.000000,0.000000,-1293.000000,0.000000,1671849.000000
85.000000,0.000000,-1057.000000,0.000000,1117249.000000
83.000000,0.000000,-2919.000000,0.000000,8520561.000000
80.000000,0.000000,-1591.000000,0.000000,2531281.000000
82.000000,0.000000,1201.000000,0.000000,1442401.000000
86.000000,0.000000,1737.000000,0.000000,3017169.000000
83.000000,0.000000,745.000000,0.000000,555025.000000
90.000000,0.000000,1065.000000,0.000000,1134225.000000
78.000000,0.000000,2417.000000,0.000000,5841889.000000
83.000000,0.000000,1873.000000,0.000000,3508129.000000
85.000000,0.000000,623.000000,0.000000,388129.000000
85.000000,0.000000,907.000000,0.000000,822649.000000
81.000000,0.000000,-901.000000,0.000000,811801.000000
80.000000,0.000000,399.000000,0.000000,159201.000000
89.000000,0.000000,-1265.000000,0.000000,1600225.000000
85.000000,0.000000,-401.000000,0.000000,160801.000000
88.000000,0.000000,-1861.000000,0.000000,3463321.000000
84.000000,0.000000,-1213.000000,0.000000,1471369.000000
84.000000,0.000000,-371.000000,0.000000,137641.000000
82.000000,0.000000,1289.000000,0.000000,1661521.000000
92.000000,0.000000,349.000000,0.000000,121801.000000
78.000000,0.000000,1881.000000,0.000000,3538161.000000
82.000000,0.000000,1257.000000,0.000000,1580049.000000
81.000000,0.000000,1861.000000,0.000000,3463321.000000
86.000000,0.000000,73.000000,0.000000,5329.000000
82.000000,0.000000,781.000000,0.000000,609961.000000
84.000000,0.000000,11.000000,0.000000,121.000000
82.000000,0.000000,2011.000000,0.000000,4044121.000000
83.000000,0.000000,839.000000,0.000000,703921.000000
84.000000,0.000000,2359.000000,0.000000,5564881.000000
82.000000,0.000000,-541.000000,0.000000,292681.000000
84.000000,0.000000,-801.000000,0.000000,641601.000000
83.000000,0.000000,4999.000000,0.000000,24990001.000000
82.000000,0.000000,4083.000000,0.000000,16670889.000000
85.000000,0.000000,281.000000,0.000000,78961.000000
83.000000,0.000000,689.000000,0.000000,474721.000000
87.000000,0.000000,-463.000000,0.000000,214369.000000
82.000000,0.000000,145.000000,0.000000,21025.000000
82.000000,0.000000,1037.000000,0.000000,1075369.000000
82.000000,0.000000,261.000000,0.000000,68121.000000
82.000000,0.000000,-2507.000000,0.000000,6285049.000000
85.000000,0.000000,-2899.000000,0.000000,8404201.000000
83.000000,0.000000,175.000000,0.000000,30625.000000
85.000000,0.000000,811.000000,0.000000,657721.000000
82.000000,0.000000,-573.000000,0.000000,328329.000000
72.000000,0.000000,-137.000000,0.000000,18769.000000
82.000000,0.000000,-61.000000,0.000000,3721.000000
80.000000,0.000000,-345.000000,0.000000,119025.000000
83.000000,0.000000,1547.000000,0.000000,2393209.000000
84.000000,0.000000,1807.000000,0.000000,3265249.000000
86.000000,0.000000,-639.000000,0.000000,408321.000000
82.000000,0.000000,481.000000,0.000000,231361.000000
84.000000,0.000000,-2635.000000,0.000000,6943225.000000
83.000000,0.000000,-2003.000000,0.000000,4012009.000000
83.000000,0.000000,609.000000,0.000000,370881.000000
83.000000,0.000000,961.000000,0.000000,923521.000000
96.000000,0.000000,-675.000000,0.000000,455625.000000
89.000000,0.000000,-1107.000000,0.000000,1225449.000000
79.000000,0.000000,-2573.000000,0.000000,6620329.000000
80.000000,0.000000,-2041.000000,0.000000,4165681.000000
80.000000,0.000000,-637.000000,0.000000,405769.000000
80.000000,0.000000,735.000000,0.000000,540225.000000
87.000000,0.000000,363.000000,0.000000,131769.000000
83.000000,0.000000,1299.000000,0.000000,1687401.000000
84.000000,0.000000,75.000000,0.000000,5625.000000
81.000000,0.000000,763.000000,0.000000,582169.000000
90.000000,0.000000,-3999.000000,0.000000,15992001.000000
103.000000,0.000000,-1851.000000,0.000000,3426201.000000
80.000000,0.000000,-675.000000,0.000000,455625.000000
86.000000,0.000000,1089.000000,0.000000,1185921.000000
85.000000,0.000000,-495.000000,0.000000,245025.000000
81.000000,0.000000,453.000000,0.000000,205209.000000
86.000000,0.000000,-203.000000,0.000000,41209.000000
81.000000,0.000000,881.000000,0.000000,776161.000000
85.000000,0.000000,435.000000,0.000000,189225.000000
84.000000,0.000000,2219.000000,0.000000,4923961.000000
81.000000,0.000000,-3045.000000,0.000000,9272025.000000
80.000000,0.000000,-1165.000000,0.000000,1357225.000000
81.000000,0.000000,-805.000000,0.000000,648025.000000
87.000000,0.000000,-1049.000000,0.000000,1100401.000000
80.000000,0.000000,739.000000,0.000000,546121.000000
84.000000,0.000000,15.000000,0.000000,225.000000
79.000000,0.000000,-1043.000000,0.000000,1087849.000000
81.000000,0.000000,-867.000000,0.000000,751689.000000
84.000000,0.000000,905.000000,0.000000,819025.000000
84.000000,0.000000,1617.000000,0.000000,2614689.000000
85.000000,0.000000,1409.000000,0.000000,1985281.000000
84.000000,0.000000,641.000000,0.000000,410881.000000
82.000000,0.000000,-171.000000,0.000000,29241.000000
82.000000,0.000000,-411.000000,0.000000,168921.000000
86.000000,0.000000,-993.000000,0.000000,986049.000000
85.000000,0.000000,-101.000000,0.000000,10201.000000
81.000000,0.000000,-2113.000000,0.000000,4464769.000000
80.000000,0.000000,-2077.000000,0.000000,4313929.000000
82.000000,0.000000,2939.000000,0.000000,8637721.000000
85.000000,0.000000,3219.000000,0.000000,10361961.000000
84.000000,0.000000,-389.000000,0.000000,151321.000000
88.000000,0.000000,187.000000,0.000000,34969.000000
82.000000,0.000000,765.000000,0.000000,585225.000000
87.000000,0.000000,2185.000000,0.000000,4774225.000000
83.000000,0.000000,-1055.000000,0.000000,1113025.000000
83.000000,0.000000,205.000000,0.000000,42025.000000
87.000000,0.000000,-1743.000000,0.000000,3038049.000000
83.000000,0.000000,-1283.000000,0.000000,1646089.000000
67.000000,0.000000,1565.000000,0.000000,2449225.000000
83.000000,0.000000,1937.000000,0.000000,3751969.000000
83.000000,0.000000,-3161.000000,0.000000,9991921.000000
83.000000,0.000000,-1937.000000,0.000000,3751969.000000
81.000000,0.000000,-2033.000000,0.000000,4133089.000000
84.000000,0.000000,-425.000000,0.000000,180625.000000
81.000000,0.000000,-3163.000000,0.000000,10004569.000000
81.000000,0.000000,-3603.000000,0.000000,12981609.000000
78.000000,0.000000,-2483.000000,0.000000,6165289.000000
81.000000,0.000000,-4139.000000,0.000000,17131321.000000
82.000000,0.000000,-1437.000000,0.000000,2064969.000000
86.000000,0.000000,-1993.000000,0.000000,3972049.000000
93.000000,0.000000,-225.000000,0.000000,50625.000000
83.000000,0.000000,139.000000,0.000000,19321.000000
80.000000,0.000000,2663.000000,0.000000,7091569.000000
82.000000,0.000000,1115.000000,0.000000,1243225.000000
86.000000,0.000000,-725.000000,0.000000,525625.000000
85.000000,0.000000,-1393.000000,0.000000,1940449.000000
85.000000,0.000000,1801.000000,0.000000,3243601.000000
81.000000,0.000000,2145.000000,0.000000,4601025.000000
83.000000,0.000000,3145.000000,0.000000,9891025.000000
83.000000,0.000000,2537.000000,0.000000,6436369.000000
85.000000,0.000000,-2587.000000,0.000000,6692569.000000
81.000000,0.000000,-3103.000000,0.000000,9628609.000000
85.000000,0.000000,-547.000000,0.000000,299209.000000
81.000000,0.000000,-287.000000,0.000000,82369.000000
83.000000,0.000000,-1277.000000,0.000000,1630729.000000
87.000000,0.000000,-165.000000,0.000000,27225.000000
82.000000,0.000000,-33.000000,0.000000,1089.000000
80.000000,0.000000,631.000000,0.000000,398161.000000
79.000000,0.000000,-929.000000,0.000000,863041.000000
85.000000,0.000000,-857.000000,0.000000,734449.000000
81.000000,0.000000,-605.000000,0.000000,366025.000000
79.000000,0.000000,-941.000000,0.000000,885481.000000
82.000000,0.000000,1209.000000,0.000000,1461681.000000
83.000000,0.000000,1605.000000,0.000000,2576025.000000
86.000000,0.000000,-2743.000000,0.000000,7524049.000000
84.000000,0.000000,-1611.000000,0.000000,2595321.000000
88.000000,0.000000,1093.000000,0.000000,1194649.000000
80.000000,0.000000,1637.000000,0.000000,2679769.000000
81.000000,0.000000,-459.000000,0.000000,210681.000000
82.000000,0.000000,437.000000,0.000000,190969.000000
86.000000,0.000000,-1409.000000,0.000000,1985281.000000
84.000000,0.000000,179.000000,0.000000,32041.000000
86.000000,0.000000,-2597.000000,0.000000,6744409.000000
84.000000,0.000000,-1177.000000,0.000000,1385329.000000
82.000000,0.000000,-1665.000000,0.000000,2772225.000000
82.000000,0.000000,-1037.000000,0.000000,1075369.000000
74.000000,0.000000,99.000000,0.000000,9801.000000
89.000000,0.000000,807.000000,0.000000,651249.000000
82.000000,0.000000,-3515.000000,0.000000,12355225.000000
81.000000,0.000000,-1915.000000,0.000000,3667225.000000
82.000000,0.000000,-3283.000000,0.000000,10778089.000000
79.000000,0.000000,-1291.000000,0.000000,1666681.000000
86.000000,0.000000,709.000000,0.000000,502681.000000
86.000000,0.000000,2289.000000,0.000000,5239521.000000
82.000000,0.000000,-2555.000000,0.000000,6528025.000000
83.000000,0.000000,-871.000000,0.000000,758641.000000
85.000000,0.000000,-3001.000000,0.000000,9006001.000000
85.000000,0.000000,-313.000000,0.000000,97969.000000
85.000000,0.000000,-3741.000000,0.000000,13995081.000000
85.000000,0.000000,-1309.000000,0.000000,1713481.000000
82.000000,0.000000,-2385.000000,0.000000,5688225.000000
83.000000,0.000000,-577.000000,0.000000,332929.000000
81.000000,0.000000,675.000000,0.000000,455625.000000
84.000000,0.000000,1947.000000,0.000000,3790809.000000
85.000000,0.000000,-1787.000000,0.000000,3193369.000000
85.000000,0.000000,465.000000,0.000000,216225.000000
83.000000,0.000000,-307.000000,0.000000,94249.000000
85.000000,0.000000,2585.000000,0.000000,6682225.000000
85.000000,0.000000,-1159.000000,0.000000,1343281.000000
85.000000,0.000000,1.000000,0.000000,1.000000
82.000000,0.000000,-1931.000000,0.000000,3728761.000000
79.000000,0.000000,-1955.000000,0.000000,3822025.000000
86.000000,0.000000,955.000000,0.000000,912025.000000
87.000000,0.000000,1479.000000,0.000000,2187441.000000
86.000000,0.000000,-3213.000000,0.000000,10323369.000000
83.000000,0.000000,-1001.000000,0.000000,1002001.000000
83.000000,0.000000,-1257.000000,0.000000,1580049.000000
78.000000,0.000000,-1317.000000,0.000000,1734489.000000
83.000000,0.000000,-521.000000,0.000000,271441.000000
84.000000,0.000000,635.000000,0.000000,403225.000000
80.000000,0.000000,-4011.000000,0.000000,16088121.000000
80.000000,0.000000,-1995.000000,0.000000,3980025.000000
81.000000,0.000000,569.000000,0.000000,323761.000000
81.000000,0.000000,1265.000000,0.000000,1600225.000000
81.000000,0.000000,1973.000000,0.000000,3892729.000000
85.000000,0.000000,1081.000000,0.000000,1168561.000000
82.000000,0.000000,1481.000000,0.000000,2193361.000000
81.000000,0.000000,1397.000000,0.000000,1951609.000000
83.000000,0.000000,-817.000000,0.000000,667489.000000
82.000000,0.000000,7.000000,0.000000,49.000000
83.000000,0.000000,-1921.000000,0.000000,3690241.000000
84.000000,0.000000,-2217.000000,0.000000,4915089.000000
84.000000,0.000000,2387.000000,0.000000,5697769.000000
84.000000,0.000000,2003.000000,0.000000,4012009.000000
83.000000,0.000000,2907.000000,0.000000,8450649.000000
78.000000,0.000000,1683.000000,0.000000,2832489.000000
83.000000,0.000000,-1167.000000,0.000000,1361889.000000
86.000000,0.000000,-1267.000000,0.000000,1605289.000000
86.000000,0.000000,-483.000000,0.000000,233289.000000
85.000000,0.000000,201.000000,0.000000,40401.000000
85.000000,0.000000,97.000000,0.000000,9409.000000
80.000000,0.000000,-255.000000,0.000000,65025.000000
83.000000,0.000000,-1467.000000,0.000000,2152089.000000
80.000000,0.000000,-1739.000000,0.000000,3024121.000000
82.000000,0.000000,735.000000,0.000000,540225.000000
86.000000,0.000000,1323.000000,0.000000,1750329.000000
80.000000,0.000000,-1257.000000,0.000000,1580049.000000
84.000000,0.000000,-757.000000,0.000000,573049.000000
84.000000,0.000000,-2753.000000,0.000000,7579009.000000
87.000000,0.000000,-3181.000000,0.000000,10118761.000000
84.000000,0.000000,-1281.000000,0.000000,1640961.000000
84.000000,0.000000,-1725.000000,0.000000,2975625.000000
85.000000,0.000000,17.000000,0.000000,289.000000
89.000000,0.000000,937.000000,0.000000,877969.000000
84.000000,0.000000,2877.000000,0.000000,8277129.000000
83.000000,0.000000,3261.000000,0.000000,10634121.000000
83.000000,0.000000,373.000000,0.000000,139129.000000
99.000000,0.000000,-1431.000000,0.000000,2047761.000000
81.000000,0.000000,1265.000000,0.000000,1600225.000000
81.000000,0.000000,125.000000,0.000000,15625.000000
82.000000,0.000000,787.000000,0.000000,619369.000000
84.000000,0.000000,563.000000,0.000000,316969.000000
86.000000,0.000000,1699.000000,0.000000,2886601.000000
84.000000,0.000000,755.000000,0.000000,570025.000000
82.000000,0.000000,395.000000,0.000000,156025.000000
86.000000,0.000000,-925.000000,0.000000,855625.000000
84.000000,0.000000,-413.000000,0.000000,170569.000000
83.000000,0.000000,-2429.000000,0.000000,5900041.000000
87.000000,0.000000,149.000000,0.000000,22201.000000
81.000000,0.000000,-991.000000,0.000000,982081.000000
83.000000,0.000000,-1223.000000,0.000000,1495729.000000
84.000000,0.000000,-1467.000000,0.000000,2152089.000000
81.000000,0.000000,-1445.000000,0.000000,2088025.000000
84.000000,0.000000,-2457.000000,0.000000,6036849.000000
83.000000,0.000000,2439.000000,0.000000,5948721.000000
99.000000,0.000000,2099.000000,0.000000,4405801.000000
83.000000,0.000000,-1075.000000,0.000000,1155625.000000
85.000000,0.000000,-339.000000,0.000000,114921.000000
78.000000,0.000000,-1779.000000,0.000000,3164841.000000
83.000000,0.000000,-1467.000000,0.000000,2152089.000000
83.000000,0.000000,1053.000000,0.000000,1108809.000000
82.000000,0.000000,853.000000,0.000000,727609.000000
83.000000,0.000000,709.000000,0.000000,502681.000000
85.000000,0.000000,-227.000000,0.000000,51529.000000
84.000000,0.000000,-1077.000000,0.000000,1159929.000000
82.000000,0.000000,-913.000000,0.000000,833569.000000
85.000000,0.000000,-4497.000000,0.000000,20223009.000000
84.000000,0.000000,-3797.000000,0.000000,14417209.000000
84.000000,0.000000,4023.000000,0.000000,16184529.000000
80.000000,0.000000,2063.000000,0.000000,4255969.000000
84.000000,0.000000,-45.000000,0.000000,2025.000000
85.000000,0.000000,-1613.000000,0.000000,2601769.000000
83.000000,0.000000,-183.000000,0.000000,33489.000000
86.000000,0.000000,-1035.000000,0.000000,1071225.000000
85.000000,0.000000,57.000000,0.000000,3249.000000
85.000000,0.000000,-635.000000,0.000000,403225.000000
87.000000,0.000000,-71.000000,0.000000,5041.000000
86.000000,0.000000,-1587.000000,0.000000,2518569.000000
89.000000,0.000000,353.000000,0.000000,124609.000000
81.000000,0.000000,-1427.000000,0.000000,2036329.000000
148.000000,0.000000,-2513.000000,0.000000,6315169.000000
82.000000,0.000000,-3393.000000,0.000000,11512449.000000
82.000000,0.000000,1043.000000,0.000000,1087849.000000
87.000000,0.000000,307.000000,0.000000,94249.000000
82.000000,0.000000,-653.000000,0.000000,426409.000000
128.000000,0.000000,1783.000000,0.000000,3179089.000000
264.000000,0.000000,2191.000000,0.000000,4800481.000000
222.000000,0.000000,3843.000000,0.000000,14768649.000000
156.000000,0.000000,-3287.000000,0.000000,10804369.000000
132.000000,0.000000,-599.000000,0.000000,358801.000000
83.000000,0.000000,-2079.000000,0.000000,4322241.000000
86.000000,0.000000,1481.000000,0.000000,2193361.000000
70.000000,0.000000,21.000000,0.000000,441.000000
85.000000,0.000000,1869.000000,0.000000,3493161.000000
81.000000,0.000000,-3835.000000,0.000000,14707225.000000
82.000000,0.000000,-1139.000000,0.000000,1297321.000000
83.000000,0.000000,-2481.000000,0.000000,6155361.000000
82.000000,0.000000,859.000000,0.000000,737881.000000
83.000000,0.000000,-2957.000000,0.000000,8743849.000000
145.000000,0.000000,-441.000000,0.000000,194481.000000
83.000000,0.000000,1199.000000,0.000000,1437601.000000
81.000000,0.000000,1991.000000,0.000000,3964081.000000
82.000000,0.000000,-1285.000000,0.000000,1651225.000000
82.000000,0.000000,-245.000000,0.000000,60025.000000
83.000000,0.000000,445.000000,0.000000,198025.000000
81.000000,0.000000,2305.000000,0.000000,5313025.000000
82.000000,0.000000,773.000000,0.000000,597529.000000
80.000000,0.000000,2457.000000,0.000000,6036849.000000
84.000000,0.000000,-2279.000000,0.000000,5193841.000000
87.000000,0.000000,-1115.000000,0.000000,1243225.000000
84.000000,0.000000,1273.000000,0.000000,1620529.000000
87.000000,0.000000,2093.000000,0.000000,4380649.000000
82.000000,0.000000,-1661.000000,0.000000,2758921.000000
86.000000,0.000000,259.000000,0.000000,67081.000000
81.000000,0.000000,-2601.000000,0.000000,6765201.000000
175.000000,0.000000,-617.000000,0.000000,380689.000000
